epoch,accuracy,loss,val_accuracy,val_loss
0,0.9968745708465576,0.6108123064041138,0.9959497451782227,0.5770681500434875
1,0.9971404671669006,0.5479983687400818,0.9959497451782227,0.5192174911499023
2,0.9971404671669006,0.48605257272720337,0.9959497451782227,0.4532637894153595
