epoch,accuracy,loss,val_accuracy,val_loss
0,0.9960447549819946,0.598980188369751,0.9959497451782227,0.5364550352096558
1,0.9971404671669006,0.49138545989990234,0.9959497451782227,0.431545615196228
2,0.9971404671669006,0.37774893641471863,0.9959497451782227,0.3179503083229065
3,0.9971404671669006,0.262678325176239,0.9959497451782227,0.19928157329559326
