epoch,accuracy,loss,val_accuracy,val_loss
0,0.12368539720773697,0.7189358472824097,0.9810686111450195,0.6692123413085938
