epoch,accuracy,loss,val_accuracy,val_loss
0,0.737132728099823,0.5813978314399719,0.7297000885009766,0.4862656891345978
1,0.7297875285148621,0.4321831166744232,0.7638778686523438,0.34238311648368835
