epoch,accuracy,loss,val_accuracy,val_loss
0,0.048363905400037766,0.7283369302749634,0.9516096115112305,0.6764260530471802
1,0.9857368469238281,0.6543835997581482,0.9959497451782227,0.6096923351287842
2,0.9971404671669006,0.5847901105880737,0.9959497451782227,0.5421366691589355
3,0.9971404671669006,0.5108333826065063,0.9959497451782227,0.4537135362625122
4,0.9971404671669006,0.41260841488838196,0.9959497451782227,0.328265905380249
