epoch,accuracy,loss,val_accuracy,val_loss
0,0.9971266388893127,0.5602684617042542,0.9959487915039062,0.5350123643875122
1,0.9971404671669006,0.5029705166816711,0.9959497451782227,0.47883909940719604
2,0.9971404671669006,0.44172513484954834,0.9959497451782227,0.4105362296104431
3,0.9971404671669006,0.36565840244293213,0.9959497451782227,0.319574236869812
